<?xml version="1.0" encoding="UTF-8" ?>
<!DOCTYPE mapper
PUBLIC "-//mybatis.org//DTD Mapper 3.0//EN"
"http://mybatis.org/dtd/mybatis-3-mapper.dtd">
<mapper namespace="mapper.board"> <!-- mapper이름 설정 -->

	<resultMap id="articlesResult" type="articleVO">
		<result property="level" column="level"/>
		<result property="articleNO" column="articleNO"/>
		<result property="parentNO" column="parentNO"/>
		<result property="title" column="title"/>
		<result property="content" column="content"/>
		<result property="writeDate" column="writeDate"/>
		<result property="imageFileName" column="imageFileName"/>
	</resultMap>
	<resultMap id="imgResult" type="imageVO">
		<result property ="imageFileNO" column="imageFileNO"/>
		<result property ="articleNO" column="articleNO"/>
		<result property ="imageFileName" column="imageFileName"/>
	</resultMap>
	<!-- <resultMap id="memResult" type="java.util.HashMap"> <result property="id" 
		column="id" /> <result property="pwd" column="pwd" /> <result property="name" 
		column="name" /> <result property="email" column="email" /> <result property="joinDate" 
		column="joinDate" /> </resultMap> -->
		
	<select id="selectAllArticlesList" resultMap="articlesResult">
	<![CDATA[
         SELECT tb.articleNo, tb.parentNo, fnc.level, tb.title, tb.content, tb.imageFileName, tb.writeDate, tb.id FROM (SELECT function_hierarchical()
         AS articleNO, parentNO, @level AS LEVEL, title, content, imageFileName,writeDate, id FROM
          (SELECT @start_with:=0, @articleNO:=@start_with, @level:=0) tbl JOIN t_board) fnc
         left outer join t_board tb ON tb.articleNo = fnc.articleNo
      ]]>
	</select>
	
	<insert id="insertNewArticle" parameterType="java.util.Map">
	<![CDATA[
		INSERT into t_board(articleNO, title,content, imageFileName, id)
		VALUES(#{articleNO},#{title},#{content},#{imageFileName},#{id})
	]]>
	</insert>
	
	<select id="selectNewArticleNO" resultType="int">
	<![CDATA[
	 	SELECT nvl(max(articleNO),0)+1 from t_board
	]]>
	</select>
	
	<select id="selectArticle" resultType="articleVO" parameterType="int">
	<![CDATA[
	 	SELECT * from t_board
	 	where articleNO = #{articleNO}
	]]>
	</select>
	
	<update id="updateArticle" parameterType = "java.util.Map">
		update t_board
		set title=#{title},
		content=#{content}
			<if test="imageFileName !='' and imageFileName !=null">
			, imageFileName=#{imageFileName}
			</if>
			where artcileNO =#{articleNO}
	</update>
	
	<delete id="deleteArticle" parameterType="int">
	<![CDATA[
		delete from t_board
		where articleNO in(
		SELECT articleNO FROM t_board
		START WITH articleNO = #{articleNO}
		CONNECT BY PRIOR articleNO = parentNO)
	]]>
	</delete>
	
	<!-- 다중 이미지 추가 SQL문 -->
	<!-- 
	<insert id="insertNewArticle" parameterType="java.util.Map">
	<![CDATA[
		insert into t_board(articleNO, id, title, content, imageFileName)
		values(#{articleNO},#{id},#{title},#{content},null)
	]>
	</insert>
	
	<insert id="insertNewImage" parameterType="java.util.Map">
		<foreach item="item" collection="list" open="INSERT ALL"
			separator="" close="SELECT * FROM DUAL">
		INTO t_imageFile(imageFileNO,imageFileName, articleNO, regDate)
		VALUES (#{item.imageFileNO},#{item.imageFileName},#{item.articleNO},sysdate)
 	 	</foreach>
 	 	</insert>
 	 -->
 	 <select id="selectNewImageFileNO" resultType="int">
 	 <![CDATA[
 	 	SELECT nvl(max(imageFileNO),0) from t_imageFile
 	 ]]>
 	 </select>
 	 
 	 <select id="selectImageFileList" resultMap="imgResult" parameterType="int">
 	 <![CDATA[
 	  SELECT * from t_imageFile 
 	  where articleNO = #{articleNO}
 	 ]]>
 	 </select>
<!-- 	
	<select id="selectAllMemberList" resultMap="memResult">
      <![CDATA[
         select * from t_member order by joinDate desc
      ]]>
	</select>

	where id 는 DB에 존재하는 데이터를 사용해야한다.
	<select id="selectName" resultType="String">
   <![CDATA[
   select name from t_member
   where id = 'hong'     
   ]]>
	</select>

	<select id="selectPwd" resultType="int">
   <![CDATA[
   select pwd from t_member
   where id = 'hong'
   ]]>
	</select>

	<select id="selectMemberById" resultType="memberVO"
		parameterType="String">
   <![CDATA[
   select * from t_member where id = #{id}
   ]]>
	</select>

	<select id="selectMemberByPwd" resultMap="memResult"
		parameterType="int">
   <![CDATA[
   select * from t_member
   where pwd = #{pwd}
   ]]>
	</select>

	<insert id="insertMember" parameterType="memberVO">
   <![CDATA[
   insert into t_member(id,pwd,name,email)
   values(#{id},#{pwd},#{name},#{email})
   ]]>
	</insert>

	<insert id="insertMember2" parameterType="java.util.Map">
   <![CDATA[
      insert into t_member(id,pwd,name,email)
      values(#{id},#{pwd},#{name},#{email})
   ]]>
	</insert>

	<update id="updateMember" parameterType="memberVO">
   <![CDATA[
      update t_member
      set pwd=#{pwd}, name=#{name}, email=#{email}
      where id=#{id}
      ]]>
	</update>

	<delete id="deleteMember" parameterType="String">
   <![CDATA[ 
      delete from t_member
      where
      id=#{id}
   ]]>
	</delete>

	동적 SQL문 mybatis if 구문
	<select id="searchMember" parameterType="memberVO"
		resultMap="memResult">
   <![CDATA[ 
   select * from t_member
   ]]>
		<where>
			<if test="name != '' and name != null">
				name=#{name}
			</if>
			<if test="email !='' and email !=null ">
				and email = #{email}
			</if>
		</where>
		order by joinDate desc
	</select>

	
	<select id="foreachSelect" resultMap="memResult"
		parameterType="java.util.Map">
   <![CDATA[
      select * from t_member
   ]]>
		where name in
		<foreach item="item" collection="list" open="(" separator=","
			close=")">
			#{item}
		</foreach>
		order by joinDate desc
	</select>

	<insert id="foreachInsert" parameterType="java.util.Map">
		INSERT INTO t_member(id,pwd,name,email)
		VALUES
		<foreach item="item" collection="list" separator=",">
			(#{item.id}, #{item.pwd}, #{item.name}, #{item.email})
		</foreach>
	</insert>

	<select id="selectLike" resultMap="memResult"
		parameterType="String">
   <![CDATA[ 
      select * from t_member
      where
      name like '%' || #{name} || '%'
   ]]>
	</select>
	
	<select id="loginById" resultType="memberVO" parameterType="memberVO">
	<![CDATA[
	select * from t_member
	where id = #{id} and pwd=#{pwd}
	]]>
	</select>
-->  
</mapper>            