<?xml version="1.0" encoding="UTF-8"?>
<!DOCTYPE tiles-definitions PUBLIC "-//Apache Software Foundation//DTD Configuration 2.0//EN" 
"http://tiles.apache.org/dtds/tiles-config_2_0.dtd">
<tiles-definitions>
	<definition name="baseLayout" template="/WEB-INF/views/user/common/layout.jsp">
		<put-attribute name="title" value=""/>
		<put-attribute name="header" value="/WEB-INF/views/user/common/header.jsp"/>
		<put-attribute name="side" value="/WEB-INF/views/user/common/side.jsp"/>
		<put-attribute name="body" value=""/>
		<put-attribute name="footer" value="/WEB-INF/views/user/common/footer.jsp"/>
	</definition>
	
	<definition name="main" extends="baseLayout">
		<put-attribute name="title" value="사용자 메인페이지"/>
		<put-attribute name="body" value="/WEB-INF/views/user/main.jsp"/>
	</definition>
	<definition name="/user/loginForm" extends="baseLayout">
		<put-attribute name="title" value="로그인창"/>
		<put-attribute name="body" value="/WEB-INF/views/user/member/login.jsp"/>
	</definition>
	<definition name="/member/memberForm" extends="baseLayout">
		<put-attribute name="title" value="회원등록창"/>
		<put-attribute name="body" value="/WEB-INF/views/member/memberForm.jsp"/>	
	</definition>
	<definition name="/user/u_board" extends="baseLayout">
		<put-attribute name="title" value="플레이리스트"/>
		<put-attribute name="body" value="/WEB-INF/views/user/board/playList.jsp"/>	
	</definition>
	<definition name="user/u_board/eatpl" extends="baseLayout">
		<put-attribute name="title" value="플레이리스트"/>
		<put-attribute name="body" value="/WEB-INF/views/user/board/playList.jsp"/>	
	</definition>
	<definition name="user/u_board/seepl" extends="baseLayout">
		<put-attribute name="title" value="플레이리스트"/>
		<put-attribute name="body" value="/WEB-INF/views/user/board/playList.jsp"/>	
	</definition>
</tiles-definitions>